developer,avg_metascore,avg_user_score,num_games
Retro Studios,90.0,8.866666634877523,6
Psygnosis,89.25,8.0,4
Motion Twin,89.25,7.875,4
Papyrus,89.0,6.3666666348775225,3
Moon Studios,88.66666666666667,8.566666603088379,3
Naughty Dog,88.6,7.973333326975505,15
Rockstar North,88.42857142857143,7.928571428571429,7
Valve Software,87.70588235294117,7.911764747956219,17
Epic Games,86.8,7.469999933242798,10
Supergiant Games,86.75,8.325000166893005,4
Turn 10,86.6,7.55999984741211,5
Nintendo EAD Tokyo,86.0,8.600000063578287,3
Out Of The Park Developments,86.0,6.200000017881393,8
Cardboard Computer,86.0,6.939999961853028,5
Rockstar Leeds,85.33333333333333,7.900000095367432,3
Polyphony Digital,85.22222222222223,7.811111079321967,9
CD Projekt Red Studio,85.11111111111111,7.855555640326606,9
Neversoft Entertainment,85.07142857142857,7.785714251654489,14
Schell Games,85.0,7.639999961853027,5
Big Huge Games,84.33333333333333,8.5,3
ArenaNet,84.28571428571429,7.985714367457798,7
Flagship,84.0,8.666666984558105,3
Daniel Mullins Games,84.0,8.133333365122477,3
Resonair,84.0,7.833333492279053,3
Blizzard Entertainment,83.925,5.4150000050663945,40
Smilebit,83.66666666666667,7.833333333333333,3
Two Point Studios,83.66666666666667,7.199999968210856,3
SquareSoft,83.64285714285714,8.464285782405309,14
The Coalition,83.33333333333333,7.666666507720947,3
Runic Games,83.33333333333333,7.666666666666667,3
DrinkBox Studios,83.14285714285714,7.842857156481061,7
Rayark Inc.,83.0,8.0,3
Unknown Worlds Entertainment,83.0,7.96666685740153,3
Lizardcube,83.0,8.233333269755045,3
Westwood Studios,83.0,8.137499988079071,8
343 Industries,82.85714285714286,7.357142925262451,7
Mythic Entertainment,82.75,6.7749998569488525,4
Bethesda Softworks,82.75,7.362499892711639,8
Ironclad Games,82.66666666666667,8.300000031789144,3
Cloudhead Games,82.66666666666667,7.433333237965901,3
Witch Beam,82.66666666666667,7.766666571299235,3
Playground Games,82.64285714285714,7.578571455819266,14
Firaxis Games,82.6,7.144000015258789,25
Yacht Club Games,82.4,8.019999980926514,5
Metalhead Software,82.4,6.959999847412109,5
Alphadream Corporation,82.33333333333333,7.983333428700765,6
KCEK,82.33333333333333,7.833333333333333,3
Red Hook Studios,82.25,6.899999976158142,4
Ghost Town Games Ltd.,82.25,7.675000190734863,4
Sucker Punch,82.25,8.212500035762787,8
Riot Games,82.0,5.566666762034099,3
Iguana Entertainment,82.0,7.766666571299235,3
Larian Studios Games,82.0,8.022222148047554,9
roll7,82.0,6.9666666984558105,6
Night School Studio,82.0,7.533333460489909,3
Zipper Interactive,82.0,8.059999942779541,5
Relic Entertainment,82.0,7.371428614570981,21
Failbetter Games,82.0,7.633333524068196,3
Irrational Games,81.88888888888889,8.111111164093018,9
SCE Santa Monica,81.88888888888889,8.111111217074924,9
Double Eleven,81.8,7.460000038146973,5
Black Isle Studios,81.8,8.300000190734863,5
Rockstar San Diego,81.66666666666667,8.177777767181396,9
Atlus,81.5945945945946,6.972973011635445,37
Sports Interactive,81.57142857142857,6.442857146263123,21
Vanillaware,81.5,8.516666412353516,6
QLOC,81.5,7.516666809717814,6
Blendo Games,81.33333333333333,6.399999936421712,3
Studio Liverpool,81.33333333333333,7.833333412806193,6
Cosmo D Studios,81.33333333333333,7.400000095367432,3
Klei Entertainment,81.27272727272727,7.636363723061302,11
SCE/WWS,81.25,7.650000214576721,4
GREZZO,81.25,8.26250010728836,8
FASA Studio,81.25,7.1250001192092896,4
Mimimi Games,81.25,7.724999904632568,4
Image & Form,81.2,7.4,5
The Behemoth,81.2,8.079999923706055,5
Amanita Design,81.16666666666667,7.700000047683716,6
Media Molecule,81.16666666666667,7.949999968210856,6
Remedy Entertainment,81.0,7.750000095367431,10
Clover Studio,81.0,8.260000038146973,5
The Game Kitchen,81.0,7.5,4
Housemarque,81.0,7.090000009536743,10
Intelligent Systems,80.90322580645162,7.796774264304869,31
Otomate,80.88888888888889,7.622222158643934,9
DMA Design,80.75,7.900000095367432,4
Stoic,80.75,7.825000047683716,4
Horberg Productions,80.75,7.324999928474426,4
Treasure,80.6923076923077,7.746153868161715,13
Brace Yourself Games,80.66666666666667,7.166666825612386,3
NetherRealm Studios,80.66666666666667,6.833333280351427,9
Hidden Path Entertainment,80.66666666666667,7.266666730244954,3
Day 1 Studios,80.66666666666667,7.833333333333333,3
4A Games,80.625,8.037500143051147,8
Turbine Inc.,80.5,6.983333269755046,6
Triumph Studios,80.44444444444444,8.111111270056831,9
Nintendo,80.44444444444444,7.773809527593945,126
Ready at Dawn,80.4,7.520000076293945,5
Panther Games,80.33333333333333,6.166666666666667,3
Bullfrog Productions,80.33333333333333,6.900000095367432,3
Digital Anvil,80.33333333333333,8.53333314259847,3
Barking Dog,80.33333333333333,8.133333365122477,3
Oddworld Inhabitants,80.28571428571429,7.985714435577393,7
Die Gute Fabrik,80.25,7.199999928474426,4
PopTop Software,80.25,7.949999928474426,4
Nicalis,80.25,7.65833334128062,12
Respawn Entertainment,80.16666666666667,6.3833333651224775,6
Gaijin Games,80.14285714285714,7.814285755157471,7
ArtePiazza,80.0,7.871428557804653,7
Cygames,80.0,7.600000222524007,3
Mode 7 Games,80.0,7.033333460489909,3
Ryu ga Gotoku Studios,79.94117647058823,7.911764649783864,17
EA Black Box,79.88888888888889,7.411111195882161,9
Microsoft Game Studios,79.77777777777777,7.150000068876478,18
Mojiken Studio,79.66666666666667,7.833333492279053,3
Rocksteady Studios,79.66666666666667,7.983333508173625,6
Messhof,79.66666666666667,5.600000063578288,3
Pam Development,79.66666666666667,7.300000031789144,3
Hello Games,79.6,7.119999885559082,5
Game Freak,79.57142857142857,7.17999997820173,35
EA Sports,79.44897959183673,5.755102055413382,49
Nintendo Software Technology,79.44444444444444,7.866666793823242,9
Monolith Soft,79.41666666666667,8.175000071525574,12
11 bit studios,79.375,7.724999964237213,8
Hopoo Games,79.33333333333333,8.166666666666666,3
Chair Entertainment,79.33333333333333,6.599999904632568,3
Airship Syndicate Entertainment,79.33333333333333,7.366666793823242,3
ROCKFISH Games,79.33333333333333,7.800000031789144,3
Massive Monster,79.33333333333333,7.6333333651224775,3
EA DICE,79.27272727272727,6.331818125464699,22
Clap Hanz,79.25,7.75,4
Bungie,79.11111111111111,6.105555514494578,18
SFB Games,79.0,7.5333333015441895,3
Creative Assembly,79.0,7.068292675948724,41
ONE MORE LEVEL,79.0,7.524999976158142,4
U.S. Army,79.0,5.833333333333333,3
Clifftop Games,79.0,7.3666666348775225,3
United Front Games,79.0,8.033333460489908,3
Relentless Software,79.0,7.300000031789144,3
Acclaim Studios Austin,79.0,7.633333524068196,3
KCET,78.91666666666667,7.633333345254262,24
Rare Ltd.,78.84615384615384,7.865384578704834,26
Capy Games,78.8,6.240000057220459,5
THE BROTHERHOOD,78.75,7.3500001430511475,4
Falcom,78.71428571428571,8.15714286622547,21
Alientrap,78.66666666666667,7.433333396911621,3
id Software,78.66666666666667,7.694444470935398,18
Xeen,78.66666666666667,7.96666685740153,3
Amusement Vision,78.66666666666667,8.050000031789144,6
Hi-Rez Studios,78.66666666666667,7.166666666666667,3
Code Force,78.66666666666667,7.833333333333333,3
Free Lives,78.66666666666667,7.866666475931804,3
Visual Concepts,78.62857142857143,5.87142859186445,35
Insomniac Games,78.56521739130434,7.678260823954707,23
Nadeo,78.55555555555556,7.399999989403619,9
Zen Studios,78.42424242424242,6.154545437205922,33
Guerrilla,78.4,7.270000028610229,10
Camelot Software Planning,78.4,7.686666647593181,15
Torn Banner Studios,78.33333333333333,5.599999904632568,3
Spiderweb Software,78.33333333333333,7.599999904632568,3
2K Marin,78.33333333333333,7.833333333333333,3
SNK,78.25,7.5000001192092896,4
Katauri Interactive,78.25,8.12500011920929,4
Impressions Games,78.25,7.075000047683716,4
HexaDrive,78.25,7.974999904632568,4
Massive Entertainment,78.22222222222223,6.64444445239173,9
Arkane Studios,78.18181818181819,7.845454562794078,11
PlatinumGames,78.16666666666667,7.770833343267441,24
Wadjet Eye Games,78.16666666666667,7.5,6
Cyan Worlds,78.125,7.037499904632568,8
SCEA San Diego Studios,78.0909090909091,7.345454562794078,11
Ska Studios,78.0,6.966666539510091,3
Terrible Posture Games,78.0,6.399999936421712,3
Ubisoft Montpellier,78.0,7.4454546408219775,11
RedLynx,78.0,7.16666661368476,9
Llamasoft,78.0,7.674999952316284,4
Ensemble Studios,78.0,8.31999979019165,5
Jackbox Games,78.0,7.442857197352818,7
Q Entertainment,77.88888888888889,6.500000026490953,9
PopCap,77.8125,6.9000000059604645,16
Crackshell,77.66666666666667,7.800000031789144,3
KCEO,77.66666666666667,8.100000063578287,3
Thunder Lotus Games,77.66666666666667,7.266666730244954,3
Kojima Productions,77.625,7.199999988079071,8
Game Arts,77.6,7.860000038146973,10
Eugen Systems,77.6,7.540000057220459,5
Codemasters,77.51515151515152,6.754545457435377,33
LucasArts,77.5,7.50499997138977,20
Namco,77.47222222222223,7.9000000556310015,36
Crystal Dynamics,77.4,7.899999968210856,15
Robot Entertainment,77.4,7.240000152587891,5
Overworks,77.33333333333333,8.600000063578287,3
Vblank Entertainment Inc.,77.33333333333333,6.766666571299235,3
Carbonated Games,77.33333333333333,6.5333333015441895,3
Firesprite,77.33333333333333,6.766666571299235,3
Troika Games,77.33333333333333,8.433333396911621,3
Blue Castle Games,77.33333333333333,7.199999809265137,3
Sony Online Entertainment,77.3076923076923,6.21153842485868,26
Harmonix Music Systems,77.3,7.179999995231628,20
Ninja Theory,77.25,6.949999988079071,8
Overhaul Games,77.2,6.420000076293945,5
Io Interactive,77.19047619047619,7.166666643960135,21
Colossal Order,77.125,7.149999886751175,8
inkle,77.0,7.333333333333333,3
Surreal Software,77.0,7.8666666348775225,3
Introversion,77.0,7.140000057220459,5
Team Reptile,77.0,7.900000095367432,4
Logic Artists,77.0,7.9666666984558105,3
Angel Studios,76.83333333333333,6.666666626930237,6
Splash Damage,76.8,7.679999923706054,5
Zeboyd Games,76.8,7.280000019073486,5
Two Tribes,76.8,7.039999961853027,5
Zachtronics Industries,76.75,7.824999809265137,4
Owlcat Games,76.75,6.875,4
Bluepoint Games,76.75,7.700000286102295,4
Obsidian Entertainment,76.73076923076923,7.230769249109121,26
Harebrained Schemes LLC,76.71428571428571,7.028571333203997,7
DONTNOD Entertainment,76.7,7.010000085830688,20
Ignition Entertainment,76.66666666666667,7.600000063578288,3
Quantic Dream,76.66666666666667,8.366666952768961,6
Red Barrels,76.66666666666667,7.799999872843425,3
Signal Studios,76.66666666666667,8.133333206176758,3
SkyGoblin,76.66666666666667,7.233333428700765,3
Stardock,76.61111111111111,6.633333338631524,18
Paradox Development Studio,76.60606060606061,7.536363659483014,33
EA Canada,76.6046511627907,6.5488372181737144,43
FuturLab,76.6,6.370000004768372,10
Halfbrick Studios,76.5,6.716666618982951,6
HAL Labs,76.48148148148148,8.06296302654125,27
Bizarre Creations,76.46153846153847,7.423076923076923,13
Nixxes Software,76.4,7.1200000762939455,5
New World Interactive,76.33333333333333,8.133333365122477,3
Certain Affinity,76.33333333333333,6.799999872843425,3
EA LA,76.33333333333333,7.146666638056437,15
Press Play,76.33333333333333,6.400000095367432,3
Just Add Water,76.33333333333333,7.399999936421712,3
Million,76.33333333333333,7.6333333651224775,3
Brainwash Gang,76.25,6.899999976158142,4
SimBin,76.25,7.199999928474426,8
Silicon Studio,76.25,7.7749998569488525,4
5pb,76.25,8.074999988079071,8
Good-Feel,76.2,7.500000095367431,5
Revolution Software,76.16666666666667,7.549999952316284,6
M2,76.16129032258064,7.5290322919045725,31
Criterion Games,76.125,7.0,16
Incognito Inc.,76.125,7.062499940395355,8
Infinity Ward,76.0625,4.80624994635582,16
Illusion Softworks,76.0,7.8500001430511475,4
Nifflas Games,76.0,7.0333333015441895,3
Her Interactive,76.0,6.938461597149189,13
Q-Games,76.0,7.05714293888637,14
French-Bread,76.0,7.575000166893005,4
Double Fine Productions,76.0,7.091304291849551,23
Total Mayhem Games,76.0,7.5,4
Bugbear,76.0,8.120000076293945,5
indieszero,75.9090909090909,6.745454528115013,11
InXile Entertainment,75.8,7.159999990463257,10
17-Bit,75.75,7.449999928474426,4
Curve Studios,75.75,7.424999952316284,4
ZeniMax Media,75.72727272727273,5.718181826851585,11
Team Ninja,75.66666666666667,7.907407407407407,27
FreakZone,75.66666666666667,7.800000031789144,3
SkyBox Labs,75.66666666666667,6.9666666984558105,3
FreeStyleGames,75.66666666666667,6.300000031789144,3
Fabraz,75.66666666666667,7.50000015894572,3
Unfinished Pixel,75.66666666666667,7.700000127156575,3
Freebird Games,75.66666666666667,7.733333269755046,3
Croteam,75.625,7.650000095367432,8
Frictional Games,75.625,7.550000071525574,8
Evolution Studios,75.6,7.460000133514404,5
Eidos Montreal,75.6,7.109999942779541,10
Monolith Productions,75.6,7.365000057220459,20
Dakko Dakko,75.6,6.860000038146973,5
Electronic Arts,75.58823529411765,5.83235292224323,34
Iron Galaxy Studios,75.57142857142857,6.671428595270429,14
Sledgehammer Games,75.55555555555556,4.288888878292507,9
Maxis,75.52272727272727,5.993181778626009,44
Raven Software,75.5,7.330000019073486,10
Toys for Bob,75.44444444444444,6.888888835906982,9
Sony Interactive Entertainment,75.42857142857143,6.900000027247837,7
Tarsier Studios,75.42857142857143,7.214285714285714,7
Deck Nine Games,75.41666666666667,6.50000003973643,12
Mike Bithell,75.4,6.639999961853027,5
SCEA,75.4,6.480000019073486,5
Sierra Entertainment,75.33333333333333,7.46666685740153,3
S2 Games,75.33333333333333,6.99999984105428,3
Stainless Steel Studios,75.33333333333333,8.466666539510092,3
Square Enix,75.29824561403508,7.72807014197634,57
Capcom,75.29133858267717,7.309448792239812,127
Telltale Games,75.28440366972477,7.112844069069679,109
Level 5,75.25806451612904,8.083870980047411,31
Strategy First,75.25,8.149999856948853,4
Zoink!,75.2,7.100000095367432,5
Funcom,75.2,7.280000066757202,10
Laughing Jackal,75.2,6.460000038146973,5
Tango Gameworks,75.16666666666667,8.416666587193808,6
BioWare,75.12903225806451,6.8516128909203315,31
Inti Creates,75.11764705882354,7.623529462253346,17
EA Tiburon,75.03030303030303,5.509090907645948,33
Nerial,75.0,6.850000023841858,4
Code Mystics Inc.,75.0,7.600000040871756,7
Free Radical Design,75.0,7.2500001192092896,4
Grimlore Games,75.0,7.950000047683716,4
Paradox Interactive,74.875,7.324999988079071,8
Factor 5,74.83333333333333,7.933333317438762,6
JoyMasher,74.75,7.900000095367432,4
Cryptic Studios,74.75,7.225000023841858,4
Digital Illusions,74.6923076923077,6.761538468874418,13
Terri Vellimann,74.66666666666667,7.466666539510091,3
Tribute Games,74.66666666666667,6.6166666348775225,6
TopWare Interactive,74.66666666666667,7.566666603088379,3
Over The Moon,74.66666666666667,7.433333396911621,3
Crytek,74.6,7.009999990463257,10
Gunfire Games,74.6,6.599999952316284,10
Core Design Ltd.,74.6,7.500000095367431,5
Amplitude Studios,74.57142857142857,7.428571496691022,7
Ascaron Entertainment,74.55555555555556,7.255555576748318,9
Sega AM2,74.54545454545455,7.4454545757987285,11
Hitmaker,74.5,7.9125001430511475,8
Frozenbyte,74.46153846153847,7.376923084259033,13
Gas Powered Games,74.42857142857143,7.342857088361468,7
Volition Inc.,74.36842105263158,6.7947368747309635,19
EA Redwood Shores,74.33333333333333,6.850000063578288,6
Tomorrow Corporation,74.33333333333333,7.766666730244954,3
5TH Cell,74.33333333333333,7.383333444595337,6
Bethesda Game Studios,74.26315789473684,6.0263158396670695,19
SideQuest Studios,74.25,6.7499998807907104,4
Passtech Games,74.25,6.425000071525574,4
SNK Corporation,74.2,7.280000019073486,5
SCE Japan Studio,74.2,7.460000076293945,25
People Can Fly,74.2,7.5,5
Exordium Games,74.0,6.125,4
Soldak Entertainment,74.0,7.2399999618530275,5
Robotality,74.0,6.099999904632568,3
Skybound Games,74.0,7.4142857279096335,7
22nd Century Toys,74.0,6.966666539510091,3
Mediatonic,74.0,6.683333317438762,6
ClockStone Studio,74.0,6.199999928474426,4
Monster Games Inc.,73.9090909090909,6.363636406985196,11
Hothead Games,73.83333333333333,7.400000015894572,6
Best Way,73.8,7.6200000762939455,5
Wargaming.net,73.8,4.139999961853027,5
Experience Inc.,73.77777777777777,7.666666666666667,9
Survios,73.75,6.325000047683716,8
The Odd Gentlemen,73.75,6.350000023841858,4
Ubisoft Romania,73.75,6.549999952316284,4
Tikipod Limited,73.66666666666667,7.533333460489909,3
XDEV,73.66666666666667,7.233333269755046,3
The Chinese Room,73.66666666666667,6.1333333651224775,3
Studio Saizensen,73.66666666666667,8.099999904632568,3
Massive Damage,73.66666666666667,6.933333237965901,3
White Paper Games,73.66666666666667,6.1333333651224775,3
syn Sophia,73.66666666666667,6.8666666348775225,3
From Software,73.65789473684211,7.681578962426436,38
EA Vancouver,73.625,3.974999949336052,8
Asobo Studio,73.6,7.2000000953674315,5
NExT Studios,73.6,7.360000038146973,5
Pyro Studios,73.6,8.160000133514405,5
The Sims Studio,73.58333333333333,5.958333333333333,12
Gust,73.53333333333333,7.7966667175292965,30
Flight-Plan,73.5,7.950000047683716,4
Gearbox Software,73.5,6.739285792623248,28
Owlchemy Labs,73.5,6.325000047683716,4
TimeGate Studios,73.5,8.099999785423279,4
Treyarch,73.5,5.934615405706259,26
Koei Tecmo Games,73.47058823529412,7.958823568680707,17
Grasshopper Manufacture,73.4,7.87999997138977,10
Razorworks,73.33333333333333,7.300000031789144,3
Bigbig Studios,73.33333333333333,7.133333206176758,3
System Prisma,73.33333333333333,7.933333237965901,3
Infinite Dreams,73.33333333333333,6.8666666348775225,3
Spiral House,73.33333333333333,7.0,3
Southend Interactive,73.28571428571429,7.628571510314941,7
Flyhigh Works,73.2,7.160000133514404,5
EA Games,73.2,7.060000038146972,5
TOSE,73.1875,7.239583348234494,48
Tecmo,73.08333333333333,7.5583333770434065,12
TT Games,73.0625,6.925000041723251,16
Studio Fizbin,73.0,6.5,3
Tindalos Interactive,73.0,7.149999976158142,4
Doinksoft,73.0,7.700000127156575,3
Bulwark Studios,73.0,7.50000015894572,3
MachineGames,73.0,5.719999980926514,5
Hero Concept,73.0,7.733333269755046,3
Undead Labs,73.0,6.399999936421712,3
Marvelous First Studio,73.0,7.200000047683716,4
Ronimo Games,73.0,6.650000095367432,4
34BigThings,73.0,6.399999976158142,4
Pandemic Studios,72.88888888888889,7.411111036936442,9
Red Storm Entertainment,72.81818181818181,6.318181818181818,11
4J Studios,72.8,7.840000152587891,5
Phoenix Online Studios,72.75,7.274999976158142,4
Slightly Mad Studios,72.75,5.75,8
Ubisoft Paris,72.72727272727273,6.554545445875688,11
Jupiter Corporation,72.72222222222223,7.711111148198445,18
D'Avekki Studios Limited,72.66666666666667,6.166666825612386,3
Turtle Rock Studios,72.66666666666667,5.600000063578288,3
The Game Bakers,72.66666666666667,7.566666762034099,3
Shiro Games,72.66666666666667,7.083333412806193,6
Tripwire Interactive,72.66666666666667,6.266666650772095,6
Arkedo Studio,72.66666666666667,6.699999968210856,3
Limbic Entertainment,72.66666666666667,6.5333333015441895,3
Black Lab Games,72.66666666666667,6.933333237965901,3
Haemimont Games,72.64285714285714,6.757142850330898,14
Mercury Steam,72.625,6.900000035762787,8
Project Aces,72.625,7.087499916553497,8
Shin'en,72.58333333333333,7.491666674613953,12
Wow Entertainment,72.5,6.987500011920929,8
Cave,72.5,7.7500001192092896,4
Examu,72.5,7.774999976158142,4
Ubisoft Sofia,72.5,6.850000023841858,4
Snowblind Studios,72.5,7.616666714350383,6
EA Montreal,72.5,6.0,4
Cing,72.33333333333333,7.933333396911621,3
Twisted Pixel Games,72.33333333333333,6.1166666348775225,6
NeocoreGames,72.27272727272727,6.98181811246005,11
Bullets,72.25,7.549999833106995,4
Reflections Interactive,72.25,6.375,4
Matrix Software,72.2,7.540000057220459,10
Stormregion,72.2,7.639999961853027,5
Paradigm Entertainment,72.125,6.75,8
Gambitious,72.0,7.175000071525574,4
NCSOFT,72.0,6.4399998664855955,5
Kite Games,72.0,6.666666666666667,3
Beamdog,72.0,6.350000023841858,4
Santa Ragione,72.0,5.533333460489909,3
Dejobaan Games,72.0,6.5333333015441895,3
Headstrong Games,72.0,7.3555555873447,9
Marvelous Inc.,71.875,7.487500071525574,8
Tantalus,71.8,7.2000000953674315,5
Aqua Plus,71.8,8.21999979019165,5
Red Thread Games,71.75,7.399999976158142,4
Fast Travel Games,71.75,6.850000023841858,4
WB Games Montreal,71.75,7.150000095367432,4
Cryo Interactive,71.75,6.299999952316284,4
Renegade Kid,71.71428571428571,7.142857142857143,7
Ubisoft Montreal,71.6923076923077,6.90192305124723,52
Opus,71.66666666666667,7.25,6
Vertex Pop,71.66666666666667,7.200000127156575,3
Frontier Developments,71.64285714285714,5.06428570832525,28
KING Art,71.55555555555556,6.544444402058919,9
Ankama Games,71.33333333333333,7.333333333333333,3
CreativeForge Games,71.33333333333333,7.433333396911621,3
Urban Games,71.33333333333333,7.433333237965901,3
Honeyslug Ltd,71.33333333333333,6.366666793823242,3
Ubisoft Toronto,71.33333333333333,5.566666682561238,6
Inc,71.33333333333333,6.7833333015441895,6
Panic Barn Ltd,71.33333333333333,5.433333317438762,3
Vivarium,71.33333333333333,7.3666666348775225,3
Lionhead Studios,71.26666666666667,7.06666669845581,15
SCS Software,71.25,7.725000262260437,4
Rusty Lake,71.25,7.8500001430511475,4
Milkstone Studios,71.25,7.199999809265137,4
Vicarious Visions,71.23076923076923,6.74615385899177,26
Sony Bend,71.16666666666667,7.53333322207133,6
Yuke's,71.125,7.043750032782555,32
Arc System Works,71.125,6.749999988079071,40
Night Dive Studios,71.0,7.3714286259242465,7
Marvelous Entertainment,71.0,7.366666793823242,9
Chime,71.0,7.766666571299235,3
Kheops Studio,71.0,6.825000047683716,8
Nippon Ichi Software,70.8780487804878,7.251219505217017,41
CCP,70.85714285714286,6.514285632542202,7
Piranha Bytes,70.85714285714286,7.214285714285714,7
Next Level Games,70.8,7.779999923706055,5
Avalanche Studios,70.77777777777777,6.266666624281141,9
Flying Wild Hog,70.75,6.912500083446503,8
CyberConnect2,70.66666666666667,7.462500015894572,24
D3T,70.66666666666667,7.3666666348775225,3
Mages.,70.66666666666667,7.766666730244954,3
Nival Interactive,70.66666666666667,7.291666666666667,12
Sonic Team,70.6470588235294,7.317647064433379,34
Digital Eclipse,70.6,6.66857145854405,35
Wanako Studios,70.6,5.600000095367432,5
Tequila Works,70.6,6.980000019073486,5
Ubisoft Quebec,70.54545454545455,5.527272722937844,11
Crawfish Interactive,70.5,6.800000071525574,4
Irem,70.5,7.9750001430511475,4
Phantagram,70.5,6.900000095367432,4
Ludosity Interactive,70.5,6.075000166893005,4
Sega,70.425,7.192499995231628,40
KCEJ,70.36363636363636,7.654545437205922,11
Atomicom,70.33333333333333,6.5,3
Bitmap Bureau,70.33333333333333,6.066666762034099,3
Mouldy Toof Studios,70.33333333333333,6.399999936421712,3
Koei,70.33333333333333,6.958333412806193,12
Spearhead Games,70.33333333333333,6.833333333333333,3
Techland,70.3125,6.624999985098839,16
Broken Rules,70.25,7.074999928474426,4
Starbreeze,70.25,6.225000023841858,4
Sandlot,70.2,7.659999942779541,5
ACE Team,70.18181818181819,6.945454554124312,11
Trion Worlds,70.16666666666667,6.199999928474426,6
Daedalic Entertainment,70.05882352941177,7.023529459448421,17
Milestone S.r.l,70.05405405405405,6.2135135160910115,37
Anchor (Legacy),70.0,7.300000031789144,3
Dovetail Games,70.0,5.440000009536743,5
Arcen Games,70.0,7.314285687037876,7
The Bearded Ladies Consulting,70.0,6.950000047683716,4
Ice-Pick Lodge,70.0,8.080000114440917,5
Mebius,70.0,7.099999904632568,3
Auran,70.0,5.933333396911621,3
Nine Dots Studio,70.0,6.400000095367432,3
Gaijin Entertainment,69.83333333333333,5.816666642824809,6
GRIN,69.75,6.1250001192092896,4
SCEE,69.75,6.5,4
Nexon,69.75,5.5,4
Pendulo Studios,69.66666666666667,6.733333309491475,6
Cyberlore Studios,69.66666666666667,5.766666730244954,3
Slant Six,69.66666666666667,7.03333314259847,3
Page 44 Studios,69.66666666666667,7.566666762034099,3
Novarama,69.66666666666667,7.333333333333333,3
SuperVillain Studios,69.66666666666667,7.133333206176758,3
Sumo Digital,69.61111111111111,6.622222238116795,18
WayForward,69.59375,7.056250050663948,32
nDreams,69.5,6.899999976158142,4
Auroch Digital,69.5,5.774999976158142,4
Silicon Knights,69.5,6.949999928474426,4
Visceral Games,69.5,6.249999910593033,8
Tri-Ace,69.5,7.087500035762787,8
VooFoo Studios,69.5,5.674999952316284,4
Pterodon,69.33333333333333,7.366666793823242,3
Warhorse Studios,69.33333333333333,7.200000127156575,3
Krillbite Studio,69.33333333333333,6.066666762034099,3
Planet Moon Studios,69.33333333333333,6.633333285649617,6
Cinemax,69.25,6.799999952316284,4
Ghost Games,69.25,5.899999976158142,4
Hudson,69.2,6.953333330154419,15
Ganbarion,69.2,7.660000038146973,5
Sting,69.11111111111111,7.522222306993273,9
Traveller's Tales,69.10526315789474,7.1526315839667065,19
Fishing Cactus,69.0,7.1333333651224775,3
Team17,69.0,6.649999994498033,26
Ironward,69.0,6.366666793823242,3
Brownie Brown,69.0,8.133333206176758,3
Fireglow,69.0,7.633333206176758,3
Tale of Tales,69.0,4.666666666666667,3
Z-Axis,69.0,6.579999923706055,5
Seaven Studio,69.0,6.825000047683716,4
Luxoflux,68.83333333333333,6.733333349227905,6
NovaLogic,68.83333333333333,6.316666603088379,6
Alfa System,68.8,7.660000038146973,5
Frogwares,68.77777777777777,7.088888857099745,9
Project Soul,68.75,5.899999976158142,4
1C:Ino-Co,68.66666666666667,7.833333333333333,3
Playful Corp.,68.66666666666667,6.766666730244954,3
Access Games,68.66666666666667,7.433333317438762,6
LEAP Game Studios,68.66666666666667,6.766666571299235,3
Armature Studio,68.66666666666667,7.5,3
Purple Lamp Studios,68.66666666666667,6.833333253860474,3
Jutsu Games,68.66666666666667,6.733333269755046,3
Other Ocean Interactive,68.5,6.825000047683716,4
Red Dot Games,68.5,7.2500001192092896,4
Tilted Mill,68.5,6.100000023841858,4
Take-Two Interactive,68.5,6.375,4
Konami,68.49333333333334,6.843999993006388,75
Taito Corporation,68.47368421052632,7.273684225584331,19
Bandai Namco Games,68.46511627906976,6.67441864346349,43
Artifex Mundi,68.33333333333333,7.200000127156575,3
Wish Studios,68.33333333333333,6.799999872843425,3
Wideload Games Inc.,68.33333333333333,7.399999936421712,3
Pixelated Milk,68.33333333333333,6.800000031789144,3
Disney Interactive Studios,68.33333333333333,7.0,3
THQ Nordic,68.33333333333333,5.433333396911621,3
COWCAT,68.33333333333333,7.333333333333333,3
Animation Arts,68.33333333333333,6.4666666984558105,3
SCEE London Studio,68.3076923076923,6.276923106266902,13
Rainbow Studios,68.29411764705883,6.435294151306152,17
SNK Playmore,68.28571428571429,7.564285755157471,14
Artdink,68.28571428571429,6.700000081743513,7
Cattle Call,68.25,7.650000095367432,4
Positech Games,68.2,6.340000057220459,5
Infinite Interactive,68.2,7.3599998474121096,5
Rage Software,68.2,5.860000038146973,5
Zoe Mode,68.1,5.5399999737739565,10
Weappy Studio,68.0,7.800000190734863,3
Reflexive Entertainment,68.0,7.5333333015441895,3
Petroglyph,68.0,6.5333333015441895,9
High Impact Games,68.0,6.933333237965901,3
1C Entertainment,68.0,7.230769304128794,13
Stormfront Studios,68.0,7.340000057220459,5
Kuju Entertainment,67.875,6.674999892711639,8
NinjaBee,67.85714285714286,5.271428619112287,7
LLC,67.82142857142857,6.539285655532565,28
Black Hole Games,67.8,6.859999942779541,5
Frima Studio,67.8,6.460000038146973,10
Choice Provisions,67.8,6.919999980926514,5
10tons,67.75,6.9375,8
Infogrames,67.66666666666667,7.566666603088379,3
Vogster,67.66666666666667,5.733333428700765,3
Genius Sonority Inc.,67.66666666666667,7.111111217074924,9
House of Tales,67.66666666666667,5.733333428700765,3
Serenity Forge,67.66666666666667,6.0333333015441895,3
Carbon Studio,67.66666666666667,7.0,3
Spike Chunsoft,67.66666666666667,6.816666662693024,24
Skipmore,67.66666666666667,7.300000031789144,3
Tate Multimedia,67.66666666666667,6.766666730244954,3
Sobaka,67.66666666666667,7.233333269755046,3
Puuba,67.66666666666667,7.166666666666667,3
Omega Force,67.60714285714286,7.5660713996206015,56
Gaming Minds Studios,67.57142857142857,6.285714285714286,7
Big Bad Wolf,67.5,6.816666682561238,6
Namco Bandai Games,67.36666666666666,6.743333379427592,30
Amaze Entertainment,67.33333333333333,7.733333428700765,3
RideonJapan,67.33333333333333,7.166666666666667,3
EXOR Studios,67.33333333333333,5.899999936421712,3
QubicGames,67.28571428571429,7.071428639548166,7
Legacy Interactive,67.25,5.050000041723251,4
Felistella,67.2,7.100000095367432,5
Inc.,67.16981132075472,6.539622637460816,53
Sidhe Interactive,67.16666666666667,7.116666714350383,6
Bohemia Interactive,67.125,7.450000047683716,8
ChunSoft,67.125,8.450000047683716,8
Arrowhead Game Studios,67.0,6.9666666984558105,3
Melbourne House,67.0,7.8750001192092896,4
Ubisoft Reflections,67.0,6.700000013623919,7
AGEOD,67.0,6.5333333015441895,3
Vertigo Games,67.0,6.849999964237213,8
Lesta Studio,67.0,5.649999976158142,4
Aquria,67.0,7.3666666348775225,3
Neverland,66.81818181818181,7.7000000260093,11
Cococucumber,66.66666666666667,6.066666762034099,3
Blue Isle Studios,66.66666666666667,6.433333396911621,3
Venom Games,66.66666666666667,6.50000015894572,3
Nd Cube,66.66666666666667,6.766666677263048,9
Psikyo,66.66666666666667,7.300000190734863,3
Ubisoft Blue Byte,66.66666666666667,5.400000015894572,3
Now Production,66.66666666666667,7.255555523766412,9
Blue Byte,66.625,7.237500011920929,8
Stainless Games,66.55555555555556,5.577777836057875,9
Grip Games,66.5,6.0249998569488525,4
Kalypso,66.5,6.266666730244954,6
MumboJumbo,66.5,6.149999976158142,4
TikGames,66.33333333333333,6.300000031789144,3
Nnooo,66.33333333333333,6.433333237965901,3
Smart Bomb Interactive,66.33333333333333,7.166666666666667,3
Pieces Interactive,66.33333333333333,6.4666666984558105,3
Aplus,66.33333333333333,7.0333333015441895,3
GSC Game World,66.3,7.329999947547913,10
Hangar 13,66.25,6.5000001192092896,4
Ubisoft,66.24193548387096,6.414516164410498,62
Avalanche Software,66.2,6.673333358764649,15
Ubisoft Shanghai,66.2,5.799999928474426,10
Eighting,66.0909090909091,6.545454632152211,11
Saber Interactive,66.06666666666666,6.460000038146973,15
Nosebleed Interactive,66.0,6.300000031789144,3
iNiS,66.0,6.966666539510091,3
SunSoft,66.0,6.4666666984558105,3
Pathea Games,66.0,7.0333333015441895,3
Genki,66.0,7.550000095367432,10
Beenox,65.83333333333333,7.099999904632568,6
Ritual Entertainment,65.83333333333333,6.266666571299235,6
Fatshark,65.81818181818181,5.890909043225375,11
Virtuos,65.8,6.280000019073486,5
Climax Studios,65.76923076923077,6.750000055019672,26
Marvelous AQL,65.75,6.899999976158142,4
Moss,65.75,6.950000047683716,4
Backbone Entertainment,65.67857142857143,7.132142884390695,28
FuRyu,65.66666666666667,7.3666666348775225,3
Suzak,65.66666666666667,7.366666793823242,3
Acquire,65.52941176470588,7.105882448308608,17
Shift,65.5,7.099999904632568,4
Radical Entertainment,65.5,6.950000107288361,8
Zerodiv,65.5,6.950000166893005,4
RED Entertainment,65.5,7.775000095367432,4
Idea Factory,65.46153846153847,7.323076871725229,13
Spellbound,65.4,5.859999942779541,5
Vile Monarch,65.4,6.260000133514405,5
Supermassive Games,65.4,6.686666711171468,15
Eurocom,65.38095238095238,6.723809548786709,21
Digital Reality,65.375,6.825000107288361,8
Chainsawesome Games,65.33333333333333,6.899999936421712,3
M2H,65.33333333333333,7.166666666666667,3
MicroProse,65.33333333333333,7.166666666666667,3
Enlight Software,65.28571428571429,6.757142884390695,7
Eden Studios,65.25,6.100000023841858,4
Skip Ltd.,65.25,7.2499998807907104,4
Paon Corporation,65.25,6.574999928474426,4
TT Fusion,65.25,6.600000023841858,4
Three Rings,65.16666666666667,6.833333253860474,6
Sanzaru Games,65.125,6.912499964237213,8
Altar Interactive,65.0,8.03333330154419,3
Atomic Planet Entertainment,65.0,6.666666666666667,3
Draw Distance,65.0,6.925000071525574,4
Luminous Productions,65.0,6.333333492279053,3
Dark Energy Digital,65.0,5.233333349227905,3
Ubisoft Milan,65.0,6.0000001192092896,4
Shiny Entertainment,65.0,7.433333396911621,3
Bongfish,65.0,7.039999961853027,5
Arika,65.0,6.200000107288361,12
h.a.n.d. Inc.,64.9090909090909,7.045454523780129,11
Argonaut Games,64.83333333333333,6.983333269755046,6
Liquid Entertainment,64.83333333333333,7.233333269755046,6
Black Forest Games,64.8,6.729999971389771,10
Paradox Development,64.75,6.975000023841858,4
AWE Games,64.66666666666667,7.5,3
Abstraction Games,64.6,6.240000152587891,5
SCE Studio Cambridge,64.6,7.559999942779541,5
Media.Vision,64.55555555555556,6.455555650922987,9
Griptonite Games,64.53846153846153,7.253846241877629,13
Rebellion,64.5,6.704545454545454,22
Monte Cristo,64.5,6.387500047683716,8
Piranha Games,64.5,5.075000047683716,4
Deck 13,64.5,6.280000019073486,10
Helixe,64.33333333333333,6.750000079472859,6
Lazy Bear Games,64.33333333333333,6.5333333015441895,3
Mad Doc Software,64.33333333333333,6.616666674613953,6
Dimps Corporation,64.3,7.044999998807907,20
Egosoft,64.28571428571429,6.91428576196943,7
Compile Heart,64.26086956521739,6.98695653417836,23
Prope,64.25,6.675000071525574,4
Digital Extremes,64.2,6.360000038146973,5
Kadokawa,64.18181818181819,6.827272675254128,11
Mediascape,64.0,6.733333269755046,3
Devespresso Games,64.0,6.699999809265137,3
Nex Entertainment,64.0,6.8,5
FireFly Studios,64.0,6.799999952316284,8
2K Czech,64.0,7.4666666984558105,3
Kylotonn,63.90909090909091,5.909090952439741,11
Terminal Reality,63.888888888888886,6.488888846503364,9
Blue Fang Games,63.833333333333336,7.366666714350383,6
Spike,63.8,7.179999923706054,5
Bloober Team,63.76923076923077,6.1076923333681545,13
Creatures Inc.,63.714285714285715,6.414285796029227,7
Midway,63.611111111111114,6.283333334657881,18
Artoon,63.57142857142857,7.299999986376081,7
Might and Delight,63.5,6.650000095367432,4
Smilegate,63.333333333333336,5.299999952316284,3
Awesome Games Studio,63.333333333333336,6.033333460489909,3
Sega Sports R&D,63.25,7.25,4
Arzest,63.25,7.149999976158142,4
tinyBuild,63.25,6.700000166893005,4
Double Helix Games,63.125,6.075000062584877,8
Little Green Men,63.0,7.933333079020183,3
Forge Reply,63.0,6.0,3
MegaPixel Studio,63.0,6.733333269755046,3
Three Fields Entertainment,63.0,5.6333333651224775,3
Blue Tongue Entertainment,63.0,6.775000035762787,8
High Moon Studios,63.0,7.166666666666667,3
Attention To Detail,63.0,6.475000023841858,4
Gameloft,62.916666666666664,6.62500003973643,12
Wales Interactive,62.888888888888886,5.611111111111111,9
NATSUME ATARI Inc.,62.714285714285715,6.79999988419669,7
Cavia Inc.,62.666666666666664,7.100000010596381,9
Idol Minds,62.666666666666664,6.0,3
Toylogic,62.5,6.700000047683716,4
Microids,62.5,6.080000019073486,10
TOYBOX,62.4,6.680000114440918,5
Capcom Vancouver,62.375,4.862500041723251,8
Mucky Foot Productions,62.333333333333336,7.433333237965901,3
Coldwood Interactive,62.333333333333336,7.633333524068196,3
Zono Inc.,62.333333333333336,7.400000095367432,3
Hydravision,62.333333333333336,7.1666669845581055,3
Beatshapers,62.25,5.75,4
Giants Software,62.22222222222222,5.711111201180352,9
Artificial Mind and Movement,62.05882352941177,6.82352943981395,17
K2 LLC,62.0,7.325000047683716,4
Nitro Games,62.0,5.733333428700765,3
Mass Media,62.0,6.6636364243247295,11
WinkySoft,62.0,7.300000190734863,3
Infogrames Sheffield,62.0,7.666666666666667,3
Firebrand Games,62.0,6.000000059604645,4
Bossa Studios,61.857142857142854,5.657142843518939,7
Imageepoch,61.857142857142854,7.300000054495675,7
Heavy Iron Studios,61.833333333333336,6.833333333333333,6
Game Republic,61.666666666666664,6.150000015894572,6
Enigma Software Productions,61.666666666666664,6.333333333333333,3
Doublesix,61.666666666666664,5.333333333333333,3
Climax Entertainment,61.666666666666664,6.766666730244954,3
Big Ant Studios,61.54545454545455,6.6000000780278985,11
Edge of Reality,61.5,6.8833333651224775,6
Cyanide,61.483870967741936,5.687096768809903,31
Krome Studios,61.357142857142854,7.042857136045184,14
Success,61.333333333333336,7.533333460489909,3
Eclipse Games,61.333333333333336,6.733333428700765,3
Realmforge Studios,61.166666666666664,4.899999896685283,6
Deadline Games,61.0,7.4,5
Racjin,61.0,6.946153860825759,13
505 Games,61.0,5.4666666984558105,3
Vicious Cycle,61.0,6.290000009536743,10
Spiders,61.0,6.885714326586042,7
EKO Software,61.0,4.839999961853027,5
Hudson Soft,60.75,7.1333333651224775,12
Hellbent Games,60.666666666666664,7.199999809265137,3
Forever Entertainment,60.666666666666664,6.5333333015441895,3
Full Control,60.666666666666664,5.99999984105428,3
Kerberos Productions,60.666666666666664,6.766666571299235,3
Reality Pump,60.5,5.600000063578288,6
High Voltage Software,60.42857142857143,6.21428564616612,21
IllFonic,60.4,5.920000076293945,5
JoWooD Entertainment AG,60.333333333333336,6.733333269755046,6
Pipe Dream Interactive,60.333333333333336,7.266666730244954,3
Activision,60.142857142857146,6.557142802647182,7
Cat Daddy Games,60.0,6.066666762034099,3
4Head Studios,60.0,7.866666793823242,3
Nfusion,60.0,4.800000071525574,4
Warthog,59.8,6.6800000190734865,5
Future Games,59.75,6.125,4
3DClouds,59.666666666666664,4.9666666984558105,3
U-Play Online,59.666666666666664,6.600000063578288,3
Bec,59.666666666666664,7.583333293596904,12
Tamsoft,59.64705882352941,6.611764753566069,17
THQ,59.55555555555556,6.64444457160102,9
7 Studios,59.333333333333336,5.566666603088379,3
A Crowd of Monsters,59.333333333333336,5.00000015894572,3
Cooking Mama Limited,59.333333333333336,7.433333237965901,3
FeelPlus,59.0,5.0666667222976685,3
Mass Creation,59.0,6.266666889190674,3
Targem Games,59.0,7.025000095367432,4
Konami Computer Entertainment Hawaii,59.0,7.119999980926513,5
Blitz Games,59.0,6.790909030220726,11
Nihilistic,59.0,6.828571455819266,7
Light Weight,59.0,5.766666650772095,3
Xpec,58.6,5.279999923706055,5
Panic Button,58.5,5.300000041723251,4
Ratalaika Games,58.5,5.100000023841858,4
Streum On Studio,58.333333333333336,5.9666666984558105,3
Scott Cawthon,58.333333333333336,7.299999872843425,3
Muse Games,58.25,4.449999928474426,4
Slitherine,58.142857142857146,6.128571442195347,7
Etranges Libellules,58.0,7.4750001430511475,4
Artech Studios,58.0,5.300000071525574,4
Human Head Studios,58.0,5.040000009536743,5
GungHo,58.0,6.625,4
Torus Games,57.77777777777778,6.244444529215495,9
Altron,57.75,6.625,4
Gamedust,57.666666666666664,7.6333333651224775,3
Psytec Games Ltd,57.666666666666664,7.099999904632568,3
DreamFactory,57.666666666666664,5.6333333651224775,3
Storm in a Teacup,57.666666666666664,5.766666571299235,3
Steel Monkeys,57.333333333333336,6.233333269755046,3
Natsume,57.30769230769231,5.892307721651518,13
VIS Entertainment,57.25,6.625,4
FK Digital,57.0,6.566666762034099,3
Oasis Games,57.0,5.733333269755046,3
Akella,57.0,5.640000057220459,5
Ltd.,57.0,5.299999872843425,3
Engine Software,56.8,5.2200000286102295,5
Destructive Creations,56.666666666666664,6.666666825612386,3
Aspect,56.4,5.380000066757202,5
Left Field Productions,56.333333333333336,5.799999952316284,3
3000AD,56.333333333333336,1.299999992052714,3
EA Bright Light,56.333333333333336,5.233333349227905,6
Bits Studios,56.333333333333336,6.99999984105428,3
3DO,55.92307692307692,6.269230842590332,13
Rebelmind,55.666666666666664,5.900000095367432,3
Koch Media,55.666666666666664,5.833333333333333,3
Blitz Games Studios,55.666666666666664,4.733333349227905,3
Virtual Air Guitar Company,55.333333333333336,6.799999872843425,3
Sunstorm Interactive,55.333333333333336,4.900000015894572,3
Barnhouse Effect,55.333333333333336,7.200000127156575,3
Zordix,55.333333333333336,7.133333524068196,3
EXE Create,55.333333333333336,6.833333492279053,3
Wizarbox,55.0,6.099999904632568,3
WorldForge,55.0,6.3666666348775225,3
Eutechnyx,54.875,4.412500038743019,8
Bamtang,54.75,6.375,4
Running With Scissors,54.75,7.550000190734863,4
Virtucraft,54.333333333333336,4.833333333333333,3
KCE Studios,54.333333333333336,7.100000222524007,3
Ltd.,54.333333333333336,5.89166663090388,12
CI Games,54.0,6.900000095367432,3
Behaviour Interactive,54.0,6.300000011920929,8
The Farm 51,53.75,7.0000001192092896,4
Webfoot Technologies,53.666666666666664,6.6833334763844805,6
Creat Studios,53.375,6.075000047683716,8
Black Ops Entertainment,53.333333333333336,5.0333333015441895,3
Hit Maker,53.333333333333336,5.699999968210856,3
Chubby Pixel,53.333333333333336,7.266666571299235,3
Cauldron Ltd.,53.0,4.950000017881393,4
Flux Games,53.0,5.866666555404663,3
Teyon,53.0,5.890909162434665,11
Pipeworks Software,52.857142857142854,6.142857074737549,7
Bigben Interactive,52.75,3.699999988079071,4
Streko-Graphics Inc.,52.666666666666664,6.399999936421712,3
Snail Games,52.666666666666664,5.233333428700765,3
Ambrella,52.57142857142857,5.714285714285714,7
Artefacts Studio,52.5,5.725000083446503,4
Camel 101,52.333333333333336,5.733333269755046,3
City Interactive,52.30769230769231,5.238461531125582,13
Red Fly Studio,51.666666666666664,6.266666571299235,3
Zombie Studios,51.333333333333336,5.577777783075969,9
Spark Unlimited,51.0,5.3666666348775225,3
Monkey Bar Games,50.8,6.320000076293946,5
DC Studios,50.75,7.275000095367432,4
n-Space,50.666666666666664,5.350000033775966,12
Titus Software,50.333333333333336,6.333333333333333,3
System 3,50.0,4.399999936421712,3
Papaya Studio,50.0,5.6200000762939455,5
iFun4all,50.0,6.266666650772095,3
Farsight Studios,49.666666666666664,5.366666714350383,3
Robomodo,49.5,3.2249999530613422,4
Phosphor Games Studio,49.5,3.924999922513962,4
FUN Labs,49.0,5.350000083446503,8
SIMS,49.0,5.166666746139526,3
HB Studios Multimedia,48.888888888888886,5.188888894187079,9
Sensory Sweep,48.6,6.5,5
Metropolis Software,48.333333333333336,5.966666539510091,3
EnjoyUp Games,48.2,4.800000023841858,5
Magic Pockets,48.0,4.8199999809265135,5
Epiphany Games,47.666666666666664,4.466666618982951,3
ZootFly,47.333333333333336,4.566666682561238,3
IguanaBee,46.666666666666664,5.733333349227905,3
Kung Fu Factory,46.333333333333336,6.0333333015441895,3
Elder Games,46.333333333333336,5.000000079472859,3
DreamCatcher Interactive,46.0,4.333333412806193,3
Neko Entertainment,46.0,6.125,4
MLB AM,45.666666666666664,4.7833333015441895,6
Supersonic Software,45.0,6.633333524068196,3
DNS Development,44.333333333333336,4.733333428700765,3
Mechanic Arms,44.333333333333336,6.766666730244954,3
Black Lantern Studios,43.8,5.099999952316284,5
WideScreen Games,43.0,5.833333333333333,3
Art Co.,42.333333333333336,5.333333412806193,3
Kemco,41.6,5.860000038146973,5
Arxel Tribe,41.5,6.1249998807907104,4
D3Publisher,41.333333333333336,5.333333333333333,3
Maximum Games,40.75,3.975000023841858,4
Artematica,38.0,5.0333333015441895,3
RLR Training Inc,37.666666666666664,6.833333333333333,3
Team6 Game Studios,34.0,5.300000111262004,3
Digital Leisure,33.75,3.925000011920929,4
Pronto Games,32.666666666666664,4.966666638851166,3
bitComposer,31.0,2.0666666428248086,3
Data Design Interactive,19.333333333333332,2.5000000397364297,3
